,x,y,r,inputfile
0,1077.0998300339718,833.9109115634137,231.00050915156567,framenr_1_framevid_example9
1,1068.3190037640682,807.2752230312855,235.12910594129343,framenr_2_framevid_example9
2,1062.2578720024585,784.1390352514832,240.5207394196766,framenr_3_framevid_example9
3,1060.4067288769086,767.1891698354211,247.64072224648584,framenr_4_framevid_example9
4,1062.2966549230525,757.8299361177797,255.70517962348094,framenr_5_framevid_example9
5,1065.8199284441475,755.9447954307165,262.83595385101324,framenr_6_framevid_example9
6,1068.3468810374789,759.9307617575231,266.786990562672,framenr_7_framevid_example9
7,1068.032529031738,766.9435850701864,265.95526376983514,framenr_8_framevid_example9
8,1064.6216536095146,773.3222336599035,260.2324883631377,framenr_9_framevid_example9
9,1059.3495003875603,775.2183048418564,251.28187064007642,framenr_10_framevid_example9
10,1054.038427868847,769.4523935390705,242.04795782742852,framenr_11_framevid_example9
11,1049.9336804032273,754.5036693443988,235.64822124324965,framenr_12_framevid_example9
12,1046.961225095911,731.3515482253235,234.10400588985223,framenr_13_framevid_example9
13,1043.8486945913232,703.7561521386785,237.49011868339312,framenr_14_framevid_example9
14,1039.0565854676806,677.6257925497547,243.93248913439263,framenr_15_framevid_example9
15,1031.99068162564,659.4247987673093,250.50535779799546,framenr_16_framevid_example9
16,1023.7733019282223,654.0245451829398,254.64038391597944,framenr_17_framevid_example9
17,1017.0568773772263,662.7747695904279,255.37878983033158,framenr_18_framevid_example9
18,1014.8703048929453,682.6427089104658,253.83435146154704,framenr_19_framevid_example9
19,1019.0317463981642,706.9329426409776,252.59855871615778,framenr_20_framevid_example9
20,1028.9479349780056,727.4661677804208,254.3465964690478,framenr_21_framevid_example9
21,1041.4839258643474,737.4402172685063,260.33035894983027,framenr_22_framevid_example9
22,1052.0813461905443,733.8421776195785,269.54136371068023,framenr_23_framevid_example9
23,1056.6761852512177,718.4207929635428,279.020167063553,framenr_24_framevid_example9
24,1053.5379468715548,696.8222180693533,285.2167312560289,framenr_25_framevid_example9
25,1044.1458550847121,676.2738743040878,285.7541563719766,framenr_26_framevid_example9
26,1032.6492008831667,662.8090025807652,280.7068516867216,framenr_27_framevid_example9
27,1024.1217481034973,659.1800896431184,272.71396327071005,framenr_28_framevid_example9
28,1022.3907512329813,664.2536053496583,265.8183925758406,framenr_29_framevid_example9
29,1028.4209865293656,673.9951415150412,263.5673571217198,framenr_30_framevid_example9
30,1039.968549758655,683.4716158399915,267.29968471417027,framenr_31_framevid_example9
31,1052.6221153912604,688.9241005669626,275.47062718541025,framenr_32_framevid_example9
32,1061.7135916246334,689.0435078106844,284.35678096039675,framenr_33_framevid_example9
33,1064.209434069011,685.0329532708587,289.79727627835314,framenr_34_framevid_example9
34,1059.7541745211374,679.620958318335,289.11320726251074,framenr_35_framevid_example9
35,1050.4808366448315,675.6201857907469,282.26844385931065,framenr_36_framevid_example9
36,1039.7986536518333,674.7294400118747,271.72979318238373,framenr_37_framevid_example9
37,1030.8244776204265,677.0486183318582,261.14663004291515,framenr_38_framevid_example9
38,1025.2306197107182,681.369667024006,253.55705670292485,framenr_39_framevid_example9
39,1023.0086884012356,685.9388660053133,250.0398396194702,framenr_40_framevid_example9
40,1023.1513583814607,689.2272780737736,249.46755891622206,framenr_41_framevid_example9
41,1024.7871842446202,690.3432926830437,249.4236173416165,framenr_42_framevid_example9
42,1028.0947405406769,688.9879978887327,247.73883759569281,framenr_43_framevid_example9
43,1034.462902409728,685.1296288543925,243.79802999554815,framenr_44_framevid_example9
44,1045.7725968785526,678.7096742009708,238.91502313012467,framenr_45_framevid_example9
45,1063.1445090070665,669.6293068755915,235.5882129678934,framenr_46_framevid_example9
46,1085.7970825610885,658.0510582647223,236.0506152704901,framenr_47_framevid_example9
47,1110.6456749651986,644.8161451403699,240.9012388647253,framenr_48_framevid_example9
48,1132.9524202839186,631.6595520699254,248.5572726167229,framenr_49_framevid_example9
49,1147.8550953282952,620.9755206279716,255.83160362460643,framenr_50_framevid_example9
50,1152.1817136618354,615.1158480347949,259.35181922903746,framenr_51_framevid_example9
51,1145.7876332568287,615.4747873473697,257.10436716786336,framenr_52_framevid_example9
52,1131.8140284488652,621.7812791442863,249.3322670435704,framenr_53_framevid_example9
53,1115.6960851750734,631.9822191081137,238.35684690631703,framenr_54_framevid_example9
54,1103.2657757732375,642.8601176148875,227.44695747311624,framenr_55_framevid_example9
55,1098.6784996357444,651.1903120505407,219.33223613615155,framenr_56_framevid_example9
56,1102.980167198297,654.9690479347711,215.10911359084267,framenr_57_framevid_example9
57,1113.8801640031795,654.1744413918865,214.0516613347869,framenr_58_framevid_example9
58,1126.8071096996784,650.7045950953798,214.34978191566785,framenr_59_framevid_example9
59,1136.801175478459,647.4970189938001,214.3170848858962,framenr_60_framevid_example9
60,1140.4592984063859,647.2071335109719,213.38896768704055,framenr_61_framevid_example9
61,1137.142305784943,651.0337798279204,212.37443645462457,framenr_62_framevid_example9
62,1128.9803533546046,658.2214937361584,212.84640215210825,framenr_63_framevid_example9
63,1119.734736621179,666.4633145838479,216.02591882035335,framenr_64_framevid_example9
64,1113.0626923328355,673.0132509544453,221.78854047271622,framenr_65_framevid_example9
65,1110.97190440957,675.9876946942838,228.357939722528,framenr_66_framevid_example9
66,1113.1368354723322,675.2462211345801,232.89282416048852,framenr_67_framevid_example9
67,1117.3334711763375,672.4382179650764,232.70889084867122,framenr_68_framevid_example9
68,1120.7250248548078,670.1923531152657,226.54742462153808,framenr_69_framevid_example9
69,1121.3428549266662,670.828537290455,215.27051367467718,framenr_70_framevid_example9
70,1119.0362113516912,675.1980467380621,201.63880309125915,framenr_71_framevid_example9
71,1115.443242313057,682.2008715774547,189.26673755061788,framenr_72_framevid_example9
72,1113.0278331127543,689.2166195386903,181.23294003023273,framenr_73_framevid_example9
73,1113.6917807647776,693.262477427605,178.96732478756076,framenr_74_framevid_example9
74,1117.6808719931796,692.3554370201316,181.88375426700222,framenr_75_framevid_example9
75,1123.352827095756,686.4612583419595,187.86501763127836,framenr_76_framevid_example9
76,1127.9389676179699,677.6010545051789,194.3174725692195,framenr_77_framevid_example9
77,1128.9270360737742,669.0680335318203,199.278868128173,framenr_78_framevid_example9
78,1125.37262907345,664.1040432181237,202.08207934659208,framenr_79_framevid_example9
79,1118.4728189201346,664.6165361678786,203.3223686240738,framenr_80_framevid_example9
80,1111.09617219518,670.4805021649404,204.21702759523222,framenr_81_framevid_example9
81,1106.478939711985,679.6918168819918,205.72085564779206,framenr_82_framevid_example9
82,1106.7105106640163,689.2544227216358,207.8495484379,framenr_83_framevid_example9
83,1111.7373327154255,696.3740343643587,209.5397516633105,framenr_84_framevid_example9
84,1119.3633476542782,699.4337293299856,209.10940161777103,framenr_85_framevid_example9
85,1126.2445739957684,698.3737345684108,205.10122730949718,framenr_86_framevid_example9
86,1129.4044915582951,694.4034435902447,197.11854303310494,framenr_87_framevid_example9
87,1127.5630581378653,689.2814264728755,186.26367114742834,framenr_88_framevid_example9
88,1121.6796805498616,684.5607321402998,174.9564726724745,framenr_89_framevid_example9
89,1114.4935727708391,681.1457809870925,166.1686403140726,framenr_90_framevid_example9
90,1109.3087855806932,679.289035760969,162.35285237429747,framenr_91_framevid_example9
91,1108.594351519193,678.8994966406002,164.479926771142,framenr_92_framevid_example9
92,1113.013396578333,679.8825400020521,171.5714175622493,framenr_93_framevid_example9
93,1121.2620138530142,682.2594486287528,180.9387657829627,framenr_94_framevid_example9
94,1130.7198938406511,685.9978505312687,189.0766463706586,framenr_95_framevid_example9
95,1138.5732057546243,690.705445389827,192.90361064550797,framenr_96_framevid_example9
96,1142.910043936451,695.4606733177826,190.89402988262836,framenr_97_framevid_example9
97,1143.3544094897163,698.9945542278944,183.66468571498447,framenr_98_framevid_example9
98,1141.0367619091714,700.2235894976974,173.770717959933,framenr_99_framevid_example9
99,1137.9787722537164,698.8865068752277,164.7656145728846,framenr_100_framevid_example9
100,1136.1813809535004,695.9096580433992,159.87535770074905,framenr_101_framevid_example9
101,1136.7829915816317,693.2110274935277,160.80535122990406,framenr_102_framevid_example9
102,1139.5957102574719,692.9273024813448,167.15988488234277,framenr_103_framevid_example9
103,1143.1744244660863,696.3747804447163,176.70965438166192,framenr_104_framevid_example9
104,1145.3854931702365,703.2515293757006,186.3866014088421,framenr_105_framevid_example9
105,1144.2737359072262,711.5296169832253,193.5689981780243,framenr_106_framevid_example9
106,1138.9209917920875,718.1783061793188,197.088885918573,framenr_107_framevid_example9
107,1129.9767067036546,720.4460455004215,197.51841190310543,framenr_108_framevid_example9
108,1119.6337601286832,717.1232875093309,196.6251691265074,framenr_109_framevid_example9
109,1111.0062237405232,709.1782749144364,196.28049764754633,framenr_110_framevid_example9
110,1107.0883592374805,699.434794919826,197.37246233520867,framenr_111_framevid_example9
111,1109.6543185299665,691.4145968885531,199.28183036177725,framenr_112_framevid_example9
112,1118.5132154364292,687.8706164086639,200.21069508997567,framenr_113_framevid_example9
113,1131.4230028208128,689.6843736949602,198.22981327164598,framenr_114_framevid_example9
114,1144.7196871075248,695.6166609653059,192.5344550362178,framenr_115_framevid_example9
115,1154.4362217598223,702.9812090829505,184.2576710866818,framenr_116_framevid_example9
116,1157.4950640918164,708.8731288393474,176.36513470265638,framenr_117_framevid_example9
117,1152.549383721317,711.3488437534944,172.57687483704436,framenr_118_framevid_example9
118,1140.2219607543695,710.0307297232441,175.7358698853897,framenr_119_framevid_example9
119,1122.7571309062976,705.9396632329199,186.34609705862098,framenr_120_framevid_example9
120,1103.324143659936,700.7545816576835,201.98162609302867,framenr_121_framevid_example9
121,1085.2844884904764,695.9495237937961,217.9196549005769,framenr_122_framevid_example9
122,1071.6442184288985,692.2471852880137,228.82233172728786,framenr_123_framevid_example9
123,1064.7332272940105,689.5869906610532,230.81903552953986,framenr_124_framevid_example9
124,1066.0094232212614,687.491908968559,223.13610561080336,framenr_125_framevid_example9
125,1075.8665231735401,685.5162861604637,208.58072605661437,framenr_126_framevid_example9
126,1093.4305050742191,683.4721560314695,192.64479833603932,framenr_127_framevid_example9
127,1116.4739423436702,681.3336525767287,181.55694905887577,framenr_128_framevid_example9
128,1141.6412241856021,678.9676137939875,180.03669037853984,framenr_129_framevid_example9
129,1165.0911756182772,675.9709444564933,189.61662167870074,framenr_130_framevid_example9
130,1183.4556857147015,671.8266426734876,208.15660493945248,framenr_131_framevid_example9
131,1194.7997887541965,666.3630263190366,230.68907789694342,framenr_132_framevid_example9
132,1199.1858425725804,660.2581125112065,251.21580154261247,framenr_133_framevid_example9
133,1198.563435576317,655.2312011122507,264.7363676776778,framenr_134_framevid_example9
134,1195.986313562823,653.6834761861816,268.7542359277518,framenr_135_framevid_example9
135,1194.4615642016518,657.8366175249121,263.7686511524997,framenr_136_framevid_example9
136,1195.9067654160135,668.7180255340331,252.6903626630497,framenr_137_framevid_example9
137,1200.6364698725681,685.4816866524199,239.52809247405818,framenr_138_framevid_example9
138,1207.5464528335467,705.4435779714506,227.92020731281693,framenr_139_framevid_example9
139,1214.8418441738136,724.8921120231939,220.06257811859896,framenr_140_framevid_example9
140,1220.9251807152311,740.363753111478,216.35041310510908,framenr_141_framevid_example9
141,1225.0302612732028,749.8401874656058,215.73053218531246,framenr_142_framevid_example9
142,1227.3575018764434,753.3478841084756,216.49195001247625,framenr_143_framevid_example9
143,1228.7349770907724,752.7144145910544,217.10541218178113,framenr_144_framevid_example9
144,1230.0535021595476,750.6237520554391,216.77834976537326,framenr_145_framevid_example9
145,1231.7966838359375,749.4245607717004,215.56843957031495,framenr_146_framevid_example9
146,1233.888754961422,750.2323960474662,214.10460200381212,framenr_147_framevid_example9
147,1235.8848180907723,752.6951212682061,213.11193719274516,framenr_148_framevid_example9
148,1237.3443032038879,755.4553384170413,212.97947740414676,framenr_149_framevid_example9
149,1238.1527905528078,757.0150744264665,213.55022762385804,framenr_150_framevid_example9
150,1238.616026158413,756.5451678038444,214.19409082355946,framenr_151_framevid_example9
151,1239.2953065420488,754.2531346154271,214.10205498271802,framenr_152_framevid_example9
152,1240.6976464319032,751.177398251044,212.66000401124518,framenr_153_framevid_example9
153,1243.000690837926,748.573783317023,209.743730720388,framenr_154_framevid_example9
154,1245.9553556317353,747.2502698943558,205.81865722906818,framenr_155_framevid_example9
155,1249.001337429565,747.2004353763285,201.80633662245108,framenr_156_framevid_example9
156,1251.5183695124833,747.7016073245877,198.7660882222306,framenr_157_framevid_example9
157,1253.079505484398,747.7872152100814,197.50700986926577,framenr_158_framevid_example9
158,1253.5935977188058,746.8111581119485,198.27330008487513,framenr_159_framevid_example9
159,1253.2990037744999,744.7906585431748,200.62518415046682,framenr_160_framevid_example9
160,1252.6496383477304,742.3501700393637,203.57287895497382,framenr_161_framevid_example9
161,1252.173402058674,740.312187204262,205.93034303186255,framenr_162_framevid_example9
162,1252.3676576972987,739.1695820217568,206.7690132254733,framenr_163_framevid_example9
163,1253.6474139248235,738.7304683336348,205.80266734511537,framenr_164_framevid_example9
164,1256.3177789202323,738.1264617967367,203.54706321411768,framenr_165_framevid_example9
165,1260.5333002105344,736.1776994555082,201.17465759438556,framenr_166_framevid_example9
166,1266.2358519771374,731.9211789357106,200.10118579486286,framenr_167_framevid_example9
167,1273.104800020643,725.0312075786994,201.4522471865152,framenr_168_framevid_example9
168,1280.5733509349318,715.9291057409428,205.61611537550155,framenr_169_framevid_example9
169,1287.942799743469,705.5519932340604,212.06414907926907,framenr_170_framevid_example9
170,1294.5709404106385,694.9313423987712,219.51724689432442,framenr_171_framevid_example9
171,1300.056721018766,684.8231460694448,226.39620708949414,framenr_172_framevid_example9
172,1304.3287267152834,675.5858788807575,231.37574663757812,framenr_173_framevid_example9
173,1307.5868264721,667.3479667574128,233.81928882811502,framenr_174_framevid_example9
174,1310.1255677714496,660.3304684695405,233.92500521931188,framenr_175_framevid_example9
175,1312.1389978000598,655.0920859264439,232.54005611563107,framenr_176_framevid_example9
176,1313.6236650592418,652.4995856041835,230.74256850149942,framenr_177_framevid_example9
177,1314.4429258769496,653.3812609444792,229.3849814453988,framenr_178_framevid_example9
178,1314.5175004794821,658.0126798257473,228.79630740581428,framenr_179_framevid_example9
179,1314.0213757421677,665.7080559572282,228.75578187744668,framenr_180_framevid_example9
180,1313.443678019009,674.7747369631761,228.71933716903942,framenr_181_framevid_example9
181,1313.4447601858603,682.931450468051,228.1667114513593,framenr_182_framevid_example9
182,1314.5557539054585,688.0660123778066,226.89325754547107,framenr_183_framevid_example9
183,1316.8763814199872,689.0264790918764,225.1130136998027,framenr_184_framevid_example9
184,1319.9497410172776,686.0950428436897,223.3420697695259,framenr_185_framevid_example9
185,1322.9121146744953,680.9149108084314,222.1397916067484,framenr_186_framevid_example9
186,1324.868451087745,675.8748434482751,221.8467533805713,framenr_187_framevid_example9
187,1325.3110283715541,673.1957398808975,222.44618624208866,framenr_188_framevid_example9
188,1324.3590850643866,674.096696950316,223.6028470528647,framenr_189_framevid_example9
189,1322.6812661102526,678.3826113057986,224.84138697768716,framenr_190_framevid_example9
190,1321.130793220151,684.6091705847289,225.76329951286627,framenr_191_framevid_example9
191,1320.284204019995,690.7311253680602,226.19586486901463,framenr_192_framevid_example9
192,1320.135824533155,694.9400767407042,226.2144019698476,framenr_193_framevid_example9
193,1320.1216006097045,696.3354541337889,226.0495648967405,framenr_194_framevid_example9
194,1319.4655512447478,695.1673847624646,225.9452483887124,framenr_195_framevid_example9
195,1317.6582270575811,692.5909592258594,226.04442965100472,framenr_196_framevid_example9
196,1314.7940975460795,690.0820891430427,226.35039692955894,framenr_197_framevid_example9
197,1311.565428061776,688.7927134895488,226.76231241034384,framenr_198_framevid_example9
198,1308.900369514889,689.1195203305555,227.14686628809108,framenr_199_framevid_example9
199,1307.4392229975608,690.6403494841675,227.40074328800497,framenr_200_framevid_example9
200,1307.1477193482106,692.4006552864369,227.4797648419996,framenr_201_framevid_example9
201,1307.3044865065538,693.3888440688613,227.40073468398194,framenr_202_framevid_example9
202,1306.8981962974335,692.9817047708128,227.23871863947147,framenr_203_framevid_example9
203,1305.2356868354996,691.1822245874833,227.13487681752284,framenr_204_framevid_example9
204,1302.4271216421748,688.5802814918289,227.3055670053156,framenr_205_framevid_example9
205,1299.4602856352901,686.0869244735586,228.02275283137877,framenr_206_framevid_example9
206,1297.7877082355935,684.574391191116,229.53827504865905,framenr_207_framevid_example9
207,1298.6176054840303,684.5711164325563,231.95501704958536,framenr_208_framevid_example9
208,1302.2756671739207,686.1190850601703,235.09150945958356,framenr_209_framevid_example9
209,1307.9859979127566,688.8271253230894,238.41587149967012,framenr_210_framevid_example9
210,1314.2063442902358,692.0808425816384,241.1164148643863,framenr_211_framevid_example9
211,1319.3543239847545,695.3220241612054,242.32465316590046,framenr_212_framevid_example9
212,1322.5402268746861,698.2969391922024,241.43130020346135,framenr_213_framevid_example9
213,1323.905524365114,701.1906857807868,238.3735114823006,framenr_214_framevid_example9
214,1324.3736283384442,704.6035264922847,233.75775164581444,framenr_215_framevid_example9
215,1324.945200400411,709.3734181184951,228.73292750878934,framenr_216_framevid_example9
216,1325.9370454434952,716.2956517701227,224.62791773326612,framenr_217_framevid_example9
217,1326.6177756989928,725.8249956366365,222.47495754474085,framenr_218_framevid_example9
218,1325.4925539390156,737.8578813414192,222.6053950637724,framenr_219_framevid_example9
219,1321.131554842578,751.6750439915429,224.492022387553,framenr_220_framevid_example9
220,1313.1137760247966,766.0790710179372,226.92078740332516,framenr_221_framevid_example9
221,1302.5524459485018,779.6975287080114,228.43955138037953,framenr_222_framevid_example9
222,1291.85309358868,791.3611603231756,227.91109638199228,framenr_223_framevid_example9
223,1283.7469310138226,800.4316155228704,224.9471948773239,framenr_224_framevid_example9
224,1280.0392527897504,806.9612954144352,220.0461625549856,framenr_225_framevid_example9
225,1280.7001539310713,811.6211597952945,214.38054988721322,framenr_226_framevid_example9
226,1283.7903108559847,815.4146138886025,209.33012330927613,framenr_227_framevid_example9
227,1286.3123297069833,819.2771854805343,205.96120003981537,framenr_228_framevid_example9
228,1285.6073754330298,823.7102992990859,204.66889355842937,framenr_229_framevid_example9
229,1280.6209118988854,828.5911812823972,205.11816111616463,framenr_230_framevid_example9
230,1272.401461765682,833.2382135503619,206.482008743391,framenr_231_framevid_example9
231,1263.5641601395082,836.7129529853689,207.84599080177352,framenr_232_framevid_example9
232,1256.9684831649743,838.2434408041579,208.58651509243728,framenr_233_framevid_example9
233,1254.2663651477662,837.5974490819533,208.56129985773578,framenr_234_framevid_example9
234,1255.0617113886367,835.2444746795319,208.05323211597556,framenr_235_framevid_example9
235,1257.1322168948934,832.2221150866658,207.53007059941174,framenr_236_framevid_example9
236,1257.6356149588546,829.7392335821805,207.36268015387807,framenr_237_framevid_example9
237,1254.7157255669094,828.6599736805805,207.64832763891152,framenr_238_framevid_example9
238,1248.6955965107768,829.0730470371403,208.21719081866615,framenr_239_framevid_example9
239,1242.21906543811,830.1316596542966,208.79872753371436,framenr_240_framevid_example9
240,1239.203351548301,830.2538559152924,209.2423891600703,framenr_241_framevid_example9
241,1243.05324991371,827.6356373501185,209.66368202216245,framenr_242_framevid_example9
242,1254.971930425943,820.9036894598879,210.42991929527335,framenr_243_framevid_example9
243,1273.1878557547948,809.6720997424119,211.98544089482846,framenr_244_framevid_example9
244,1293.4994767601354,794.7951305260351,214.60008526735817,framenr_245_framevid_example9
245,1310.9162964536697,778.2167907391153,218.1666369389437,framenr_246_framevid_example9
246,1321.6494226724144,762.4653668977136,222.15371981331876,framenr_247_framevid_example9
247,1324.5363096796552,749.9690866081984,225.7500525588206,framenr_248_framevid_example9
248,1321.2586958917493,742.4278578497214,228.1472110316916,framenr_249_framevid_example9
249,1315.2962122207696,740.4446148736017,228.84179764032513,framenr_250_framevid_example9
250,1310.1624956642445,743.5142502177221,227.824562744471,framenr_251_framevid_example9
251,1307.7968926129124,750.333657491542,225.57046182159974,framenr_252_framevid_example9
252,1307.8743666198823,759.2875237684842,222.8302569718376,framenr_253_framevid_example9
253,1308.311461232183,768.921777237085,220.31307183239363,framenr_254_framevid_example9
254,1306.638156999607,778.2505469317275,218.40005014378085,framenr_255_framevid_example9
255,1301.4842127755726,786.8311406207039,217.01737159247267,framenr_256_framevid_example9
256,1293.403219156418,794.6420816200616,215.72542417375433,framenr_257_framevid_example9
257,1284.6298739360645,801.8680829831037,213.98091349674826,framenr_258_framevid_example9
258,1277.932899913776,808.7077883880589,211.44624497957628,framenr_259_framevid_example9
259,1275.189299493093,815.2781412064688,208.19586136139088,framenr_260_framevid_example9
260,1276.4292435377354,821.6208672187644,204.71669985792857,framenr_261_framevid_example9
261,1279.8324929776113,827.7590395297277,201.69924515526955,framenr_262_framevid_example9
262,1282.6501245554507,833.733396230819,199.71975434285594,framenr_263_framevid_example9
263,1282.5514689707832,839.5748868321346,198.97138152115085,framenr_264_framevid_example9
264,1278.6997072273764,845.2232417026204,199.18163664852295,framenr_265_framevid_example9
265,1272.0301320049373,850.4485671532619,199.7632486645984,framenr_266_framevid_example9
266,1264.637420443856,854.84505692535,200.12834369346496,framenr_267_framevid_example9
267,1258.636137379824,857.9333752989768,200.01045302785138,framenr_268_framevid_example9
268,1255.1045911116141,859.3469476409515,199.62962742723354,framenr_269_framevid_example9
269,1253.6412872773192,859.0208337489531,199.60982131495962,framenr_270_framevid_example9
270,1252.716515803655,857.2836678766685,200.67955751366264,framenr_271_framevid_example9
271,1250.5838461499095,854.788318033748,203.29629427962732,framenr_272_framevid_example9
272,1246.246746333075,852.2920980277513,207.376566431378,framenr_273_framevid_example9
273,1239.9825732074,850.3759403647142,212.26589305600336,framenr_274_framevid_example9
274,1233.18687599319,849.232108078388,216.96763991696864,framenr_275_framevid_example9
275,1227.6634270601585,848.6270043801998,220.52521843790154,framenr_276_framevid_example9
276,1224.7565742082327,848.0662307539436,222.37910566090147,framenr_277_framevid_example9
277,1224.770858324248,847.0902137730664,222.53502894581925,framenr_278_framevid_example9
278,1226.9414266982624,845.5599618582554,221.47409098249764,framenr_279_framevid_example9
279,1229.918959419779,843.7905150038698,219.86185217849803,framenr_280_framevid_example9
280,1232.4773452691888,842.4584558806114,218.2085451310404,framenr_281_framevid_example9
281,1234.0673885799026,842.3173912407038,216.65040502045116,framenr_282_framevid_example9
282,1234.9534711769647,843.84886450328,214.95571936731815,framenr_283_framevid_example9
283,1235.9066152183789,847.0091301837542,212.7436395027293,framenr_284_framevid_example9
284,1237.6555012575982,851.1882710443047,209.79725624549076,framenr_285_framevid_example9
285,1240.402088959156,855.3997090247184,206.30668422809114,framenr_286_framevid_example9
286,1243.6494030053177,858.614627056233,202.91301688860045,framenr_287_framevid_example9
287,1246.4115571009263,860.0975448926921,200.5201319275592,framenr_288_framevid_example9
288,1247.6805885496885,859.6115817337165,199.95049330790292,framenr_289_framevid_example9
289,1246.9095279600838,857.4329660189277,201.5921609630845,framenr_290_framevid_example9
290,1244.2835026428459,854.2033769518385,205.1873558507254,framenr_291_framevid_example9
291,1240.669273950528,850.7095403181988,209.85165973314588,framenr_292_framevid_example9
292,1237.2882934499623,847.6857876314908,214.31896006016964,framenr_293_framevid_example9
293,1235.271793117089,845.6933021088618,217.3225967320994,framenr_294_framevid_example9
294,1235.283300775715,845.0720301369047,217.9800155793715,framenr_295_framevid_example9
295,1237.337905170809,845.9252709583865,216.05670477518106,framenr_296_framevid_example9
296,1240.850300920655,848.1023010755174,212.03359294932065,framenr_297_framevid_example9
297,1244.8566510486555,851.1814907138892,206.96698064761347,framenr_298_framevid_example9
298,1248.312221162705,854.4938990470802,202.1888418546968,framenr_299_framevid_example9
299,1250.370915878068,857.2331622994942,198.93419777693916,framenr_300_framevid_example9
300,1250.5842638840381,858.6603181704698,197.99701463158252,framenr_301_framevid_example9
301,1248.9909811650464,858.3504023669294,199.50781510239938,framenr_302_framevid_example9
302,1246.0904328308861,856.3794269221471,202.89717215017856,framenr_303_framevid_example9
303,1242.7068704805856,853.3508144286772,207.06249233149353,framenr_304_framevid_example9
304,1239.76726548709,850.2189911596772,210.69799013971283,framenr_305_framevid_example9
305,1238.0397543335355,847.9601317863672,212.6935087216147,framenr_306_framevid_example9
306,1237.9045485515965,847.2190358842682,212.47632976041535,framenr_307_framevid_example9
307,1239.2366863815987,848.0828344602791,210.1787433447973,framenr_308_framevid_example9
308,1241.4546830014729,850.0808204258531,206.56789092663274,framenr_309_framevid_example9
309,1243.7315383529053,852.4077470849419,202.75890223184695,framenr_310_framevid_example9
310,1245.2960988881005,854.2656567969408,199.81613186720995,framenr_311_framevid_example9
311,1245.7069766301652,855.1682044762165,198.39399778032424,framenr_312_framevid_example9
312,1244.9855626670385,855.0768566186194,198.55463111176803,framenr_313_framevid_example9
313,1243.5532845325915,854.3259084729407,199.82639648899212,framenr_314_framevid_example9
314,1242.0064979007377,853.3967967656275,201.46530809041226,framenr_315_framevid_example9
315,1240.8375317067837,852.6686080213296,202.795933258773,framenr_316_framevid_example9
316,1240.2336240387692,852.2691963434177,203.47918469566892,framenr_317_framevid_example9
317,1240.0434090243975,852.0855901868931,203.595378497364,framenr_318_framevid_example9
318,1239.9138862772556,851.9021174015202,203.5223836142409,framenr_319_framevid_example9
319,1239.514275855863,851.5696349220914,203.68617181386065,framenr_320_framevid_example9
320,1238.72229102471,851.1028201611207,204.3172177939556,framenr_321_framevid_example9
321,1237.6744963285469,850.6542657408808,205.33451049220966,framenr_322_framevid_example9
322,1236.6607417542778,850.3915524140142,206.407297871681,framenr_323_framevid_example9
323,1235.9298969497095,850.361161996487,207.15117318815066,framenr_324_framevid_example9
324,1235.5221603344928,850.4286666213727,207.34810250366667,framenr_325_framevid_example9
325,1235.2258549397313,850.3365866038968,207.07293097320704,framenr_326_framevid_example9
326,1234.6842376920176,849.8490161404006,206.66307203331203,framenr_327_framevid_example9
327,1233.5917660552218,848.8983659074753,206.55263117446302,framenr_328_framevid_example9
328,1231.8684841899458,847.645810887591,207.0613653309481,framenr_329_framevid_example9
329,1229.7145115601998,846.4154249874472,208.2468610823003,framenr_330_framevid_example9
330,1227.5160253371257,845.5344396350721,209.88836614390394,framenr_331_framevid_example9
331,1225.6591712431136,845.1666315320863,211.59773601364145,framenr_332_framevid_example9
332,1224.3593557184684,845.2309838957698,212.98861752019823,framenr_333_framevid_example9
333,1223.6004664309148,845.4505038448415,213.81380593685665,framenr_334_framevid_example9
334,1223.2095173825214,845.5036176236465,214.01088767301704,framenr_335_framevid_example9
335,1223.008544591259,845.19442216413,213.6561337234513,framenr_336_framevid_example9
336,1222.9384694407206,844.5499605690469,212.87846562854267,framenr_337_framevid_example9
337,1223.069306547752,843.7961856384298,211.79852412819685,framenr_338_framevid_example9
338,1223.487574439048,843.233000443797,210.52718761824235,framenr_339_framevid_example9
339,1224.1391697130662,843.0822073522826,209.20616506995347,framenr_340_framevid_example9
340,1224.7485961509217,843.3898819965516,208.03673796202733,framenr_341_framevid_example9
341,1224.9014059736257,844.0243267798587,207.2476200652143,framenr_342_framevid_example9
342,1224.279253785998,844.7493971117286,206.99805540707783,framenr_343_framevid_example9
343,1222.9300739270313,845.3102296230057,207.26852320542085,framenr_344_framevid_example9
344,1221.4051743790537,845.4715770948966,207.81920450879207,framenr_345_framevid_example9
345,1220.6394552476877,844.995446782846,208.27121137120352,framenr_346_framevid_example9
346,1221.5772885678414,843.6026267963094,208.29578368241874,framenr_347_framevid_example9
347,1224.6923403923952,840.990197668615,207.8214176162632,framenr_348_framevid_example9
348,1229.6344854568931,836.9496378780109,207.13651204973323,framenr_349_framevid_example9
349,1235.2067394263404,831.5581568208024,206.803361152931,framenr_350_framevid_example9
350,1239.7338506751792,825.3420626540403,207.39562333558314,framenr_351_framevid_example9
351,1241.6960789874045,819.2862170128254,209.17603976861318,framenr_352_framevid_example9
352,1240.3603653375617,814.6155496258,211.88334948074973,framenr_353_framevid_example9
353,1236.1215541559118,812.3869474634901,214.76026704961745,framenr_354_framevid_example9
354,1230.3849734470493,813.0465564856155,216.8391967744162,framenr_355_framevid_example9
355,1225.02592377109,816.1613118655292,217.3658806463977,framenr_356_framevid_example9
356,1221.6549634822238,820.4838520640353,216.1570685179224,framenr_357_framevid_example9
357,1221.0076111893889,824.3694194440192,213.70661552025666,framenr_358_framevid_example9
358,1222.720178691321,826.395701712783,210.97215732143673,framenr_359_framevid_example9
359,1225.5772085146582,825.9261522066721,208.93440287041395,framenr_360_framevid_example9
360,1228.1037996342038,823.3648644042754,208.14042378505752,framenr_361_framevid_example9
361,1229.2263279011336,819.9799595637378,208.4569485171946,framenr_362_framevid_example9
362,1228.7043245126551,817.3643977853384,209.1590486306268,framenr_363_framevid_example9
363,1227.1498387249092,816.766517887943,209.31357587885188,framenr_364_framevid_example9
364,1225.6428952741269,818.578885975901,208.26982997189094,framenr_365_framevid_example9
365,1225.1344371418688,822.1975436064948,206.01708322778674,framenr_366_framevid_example9
366,1225.921384277102,826.2939507853825,203.23576936765892,framenr_367_framevid_example9
367,1227.4444067752274,829.3618251324933,201.02053013219896,framenr_368_framevid_example9
368,1228.5155692187952,830.2941747727393,200.41104598718857,framenr_369_framevid_example9
369,1227.8927677950132,828.7548945155585,201.95214101161264,framenr_370_framevid_example9
370,1224.9604355827078,825.2186244823221,205.47926978097024,framenr_371_framevid_example9
371,1220.215917599921,820.701355656417,210.20818751121087,framenr_372_framevid_example9
372,1215.323871285089,816.3217330462631,215.06229418451494,framenr_373_framevid_example9
373,1212.6652296845905,812.8745041164557,219.07108469248257,framenr_374_framevid_example9
374,1214.511640775584,810.5620625060443,221.66273820685288,framenr_375_framevid_example9
375,1222.1220480053069,808.9516823388514,222.7482806225749,framenr_376_framevid_example9
376,1235.1166516824053,807.1480166932209,222.60681044175092,framenr_377_framevid_example9
377,1251.402935638453,804.1192038472494,221.67020298869522,framenr_378_framevid_example9
378,1267.7292024123733,799.0907550844086,220.3302787428176,framenr_379_framevid_example9
379,1280.6939231240804,791.9092251779429,218.8494606663819,framenr_380_framevid_example9
380,1287.8427451345665,783.26810021636,217.38072611832507,framenr_381_framevid_example9
381,1288.4275279874525,774.6915843717934,216.04042510936694,framenr_382_framevid_example9
382,1283.5212657972434,768.2124068039553,214.96046696812286,framenr_383_framevid_example9
383,1275.4426757152185,765.7730094277741,214.27658842755986,framenr_384_framevid_example9
384,1266.7400944322117,768.5078785854781,214.0618541098452,framenr_385_framevid_example9
385,1259.1836594430422,776.1717575130931,214.2549924627752,framenr_386_framevid_example9
386,1253.2168719442036,786.9920102113504,214.6392033228188,framenr_387_framevid_example9
387,1248.1075176366867,798.1001537022881,214.89925219942347,framenr_388_framevid_example9
388,1242.7001820831078,806.461942691574,214.74259949200558,framenr_389_framevid_example9
389,1236.3660120550849,809.9754036150298,214.0379794298862,framenr_390_framevid_example9
390,1229.626982550614,808.27370826086,212.91589244910443,framenr_391_framevid_example9
391,1224.0776013466227,802.849669632915,211.78798933318862,framenr_392_framevid_example9
392,1221.5834493360055,796.4050247720578,211.26509475120724,framenr_393_framevid_example9
393,1223.134727835481,791.6976853672862,211.97752871084572,framenr_394_framevid_example9
394,1227.9664998843268,790.4246726240226,214.32606801459934,framenr_395_framevid_example9
395,1233.484370765298,792.6809011384464,218.22178929050034,framenr_396_framevid_example9
396,1236.1621101254261,797.245747937342,222.9059448456208,framenr_397_framevid_example9
397,1233.0736892590355,802.5043083496736,226.9594995642877,framenr_398_framevid_example9
398,1223.3418981981795,807.4481179777074,228.5879222340067,framenr_399_framevid_example9
399,1208.7453369315144,812.1392155251174,226.18096616660497,framenr_400_framevid_example9
400,1193.0823378803202,817.3267670765183,219.01247471575996,framenr_401_framevid_example9
401,1180.4955376934518,823.4307589764421,207.81668719072422,framenr_402_framevid_example9
402,1173.518568109718,829.5556450474093,194.93443680050623,framenr_403_framevid_example9
403,1171.8175152020435,833.2803476988772,183.82603723652247,framenr_404_framevid_example9
404,1172.3213738661486,831.5861584398111,177.99354803540493,framenr_405_framevid_example9
405,1170.7714830717923,822.5999619673117,179.65407015459866,framenr_406_framevid_example9
406,1163.986902457832,807.2242789502868,188.71017311770566,framenr_407_framevid_example9
407,1151.720250326554,789.5850203812662,202.53869286914437,framenr_408_framevid_example9
408,1137.1114146407335,775.7173853958417,216.8246537845084,framenr_409_framevid_example9
409,1125.4044706505983,770.8416464891607,227.20225549712856,framenr_410_framevid_example9
410,1121.4671167466734,776.4738098488673,231.04198188808792,framenr_411_framevid_example9
411,1127.2996182371178,788.9426081205397,228.5699898238089,framenr_412_framevid_example9
412,1140.7920396808045,800.3693941206667,222.74295887908258,framenr_413_framevid_example9
413,1156.4178846253096,801.983405145336,217.85700081140507,framenr_414_framevid_example9
414,1167.6052986463399,788.3670039385913,217.4916611536812,framenr_415_framevid_example9
415,1169.6774151620782,760.551707607641,222.76212677259315,framenr_416_framevid_example9
416,1161.9413196166358,726.254808549945,231.75631664982112,framenr_417_framevid_example9
417,1147.904512214679,696.8647546082957,240.4791446877881,framenr_418_framevid_example9
418,1133.5179179825352,682.4274205834092,244.87011654736787,framenr_419_framevid_example9
419,1124.3218338366325,687.0006396617829,242.8874450751906,framenr_420_framevid_example9
420,1122.9073316145787,706.6984634385296,235.57723346643618,framenr_421_framevid_example9
421,1127.9271333135277,731.4910470091521,226.53905932102674,framenr_422_framevid_example9
422,1135.0917255436716,749.958866788351,220.0277959457068,framenr_423_framevid_example9
423,1139.5817092586547,754.6764546717013,218.6696728202985,framenr_424_framevid_example9
424,1138.610863935937,745.5339779202393,222.0176002674841,framenr_425_framevid_example9
425,1132.8345055433301,729.3221721568227,226.76985192611122,framenr_426_framevid_example9
426,1125.9192112176102,715.8078356532666,228.61205532679713,framenr_427_framevid_example9
427,1122.539336442609,712.3348530754572,224.75804094198145,framenr_428_framevid_example9
428,1125.8519647869614,719.7538931587171,215.83441755819484,framenr_429_framevid_example9
429,1135.7335090156191,731.802507202008,206.028270858605,framenr_430_framevid_example9
430,1148.6427598015187,738.273960258362,201.28269914158548,framenr_431_framevid_example9
431,1159.1439335807906,730.3528454062923,206.3483542885198,framenr_432_framevid_example9
432,1162.3130896131995,705.3746236241371,222.14872248369545,framenr_433_framevid_example9
433,1155.862913069053,668.5599685395978,244.83868479215116,framenr_434_framevid_example9
434,1141.0211940575855,630.8217169859504,267.1443591150443,framenr_435_framevid_example9
435,1121.850283454243,603.737137076743,281.45096139804434,framenr_436_framevid_example9
436,1103.4459454947807,594.1979020151317,283.215948987425,framenr_437_framevid_example9
437,1089.9287862645983,601.3827035990807,273.0807946426547,framenr_438_framevid_example9
438,1083.13192929045,617.4989881742946,256.64984228058773,framenr_439_framevid_example9
439,1082.4466600265323,631.8411174027128,242.01221667225133,framenr_440_framevid_example9
440,1085.677847531986,636.0805113318065,236.15936898610278,framenr_441_framevid_example9
441,1090.3077646946165,628.1486004314984,241.96890857879794,framenr_442_framevid_example9
442,1094.483180839558,612.8455546975738,257.1356621522132,framenr_443_framevid_example9
443,1097.325424601068,598.9883105920859,275.48350877836083,framenr_444_framevid_example9
444,1098.6194411659278,594.6409475690662,289.9565607078561,framenr_445_framevid_example9
445,1098.2926894321329,602.8874192334473,295.81910872867616,framenr_446_framevid_example9
446,1096.1532265146373,620.2741679459934,292.5536631934369,framenr_447_framevid_example9
447,1092.106048908069,638.6615167772977,283.63438233664107,framenr_448_framevid_example9
448,1086.677378090478,649.4910418028493,274.4130777691725,framenr_449_framevid_example9
449,1081.3980599355903,648.2705990380156,269.2591833277148,framenr_450_framevid_example9
450,1078.6137970137859,636.9915702001405,269.40763252124316,framenr_451_framevid_example9
451,1080.610823876851,623.2509654619728,272.5564964193523,framenr_452_framevid_example9
452,1088.394223730124,616.511129844566,274.34590089211935,framenr_453_framevid_example9
453,1100.7652073035053,623.3568653739574,270.9051002524277,framenr_454_framevid_example9
454,1114.3070095349485,644.0963184546978,261.14177078012835,framenr_455_framevid_example9
455,1124.4853514612068,672.3691595377483,247.60559041987088,framenr_456_framevid_example9
456,1127.488330259773,697.9310658133405,235.4885715246082,framenr_457_framevid_example9
457,1121.9806455655785,711.2339903062314,230.2512975062541,framenr_458_framevid_example9
458,1109.8907981752614,707.5870268531028,235.02799055029425,framenr_459_framevid_example9
459,1095.7544093015913,688.9587598289149,249.05041917387425,framenr_460_framevid_example9
460,1084.8235140436864,662.6988702598959,267.8205306825802,framenr_461_framevid_example9
461,1080.7783907042578,637.9772584111826,284.92432413462177,framenr_462_framevid_example9
462,1084.1152175864704,621.792895440853,294.6297324070919,framenr_463_framevid_example9
463,1091.989264182042,616.4835636292878,294.0994788210899,framenr_464_framevid_example9
464,1099.6010231290918,619.7759287390254,284.2954830147534,framenr_465_framevid_example9
465,1102.4643123450721,627.0518726793836,269.2998333260699,framenr_466_framevid_example9
466,1098.4693496216437,634.3933235217971,254.49387496293352,framenr_467_framevid_example9
467,1088.766676088772,640.6697319274801,244.48223632306056,framenr_468_framevid_example9
468,1077.0900658683406,647.5724153844961,241.6432462127485,framenr_469_framevid_example9
469,1067.9038085600805,657.7070055007639,245.78452776023656,framenr_470_framevid_example9
470,1064.3128342349294,671.9699584369017,254.82063233936168,framenr_471_framevid_example9
471,1066.742176725366,687.8596549567317,265.9560859748354,framenr_472_framevid_example9
472,1072.9600026667908,699.8805676706263,276.7422929529344,framenr_473_framevid_example9
473,1079.3263484603401,702.0483520165727,285.58861152334947,framenr_474_framevid_example9
474,1082.5602224487661,691.2998556950263,291.68861341906916,framenr_475_framevid_example9
475,1081.1226591386892,669.9944801581206,294.6469851546905,framenr_476_framevid_example9
476,1075.5864896323578,646.0078157896495,294.19315197985065,framenr_477_framevid_example9
477,1067.9343327775587,630.0388874801081,290.2179550872786,framenr_478_framevid_example9
478,1060.2816169944658,631.1397472410547,283.085919130879,framenr_479_framevid_example9
479,1053.7762048274242,652.4436387235982,273.94187098134717,framenr_480_framevid_example9
480,1048.2683487832292,689.1195000729234,264.69131781504933,framenr_481_framevid_example9
481,1042.8815823731584,729.6574004430837,257.51362626403284,framenr_482_framevid_example9
482,1037.1041602775745,760.1043388716247,254.05968073257736,framenr_483_framevid_example9
483,1031.7288464969774,769.5127731205574,254.7171141989703,framenr_484_framevid_example9
484,1029.0383747876053,754.2744389770633,258.35339675421466,framenr_485_framevid_example9
485,1032.0202491986058,719.4731467151937,262.73974425974325,framenr_486_framevid_example9
486,1042.900673584975,676.695560280607,265.51839709536773,framenr_487_framevid_example9
487,1061.6672643586764,639.2896063397054,265.28186108494856,framenr_488_framevid_example9
488,1085.3250985514792,617.1483021102877,262.24601118964716,framenr_489_framevid_example9
489,1108.3638645499134,613.2373452512168,258.1741467809018,framenr_490_framevid_example9
490,1124.416872764043,623.2374746097215,255.56377770848903,framenr_491_framevid_example9
491,1128.5703178316744,638.2506759062027,256.46503392603165,framenr_492_framevid_example9
492,1119.446887129085,649.1853671393396,261.4796696726385,framenr_493_framevid_example9
493,1100.183853782949,650.7864788530298,269.403615603252,framenr_494_framevid_example9
494,1077.7738191851436,643.5693811805439,277.6695232435991,framenr_495_framevid_example9
495,1060.8285811113465,632.9668587155256,283.37271726902463,framenr_496_framevid_example9
496,1056.4575628711254,626.28661581436,284.40583722620255,framenr_497_framevid_example9
497,1067.3822614346204,629.0084870814183,280.2016338854904,framenr_498_framevid_example9
498,1090.4462882488128,642.1337089377241,271.7889608100215,framenr_499_framevid_example9
499,1117.2630472424785,661.708819079113,261.19298996158506,framenr_500_framevid_example9
500,1136.9784763235034,680.6085839957103,250.4982513911268,framenr_501_framevid_example9
501,1140.2798319446642,691.6712661780836,241.0156284299072,framenr_502_framevid_example9
502,1123.1900589495244,690.7621618805498,232.91340525237922,framenr_503_framevid_example9
503,1089.1265403725483,678.4728826856542,225.4441005619688,framenr_504_framevid_example9
504,1048.25859041793,659.8212047087295,217.635103314801,framenr_505_framevid_example9
505,1014.2019629947123,642.1708562504218,209.12177598074643,framenr_506_framevid_example9
506,999.162200632181,632.2775435228352,200.74930984146795,framenr_507_framevid_example9
507,1009.3368204633346,633.6417655470599,194.6566283780489,framenr_508_framevid_example9
508,1042.3880604570072,645.1605934593188,193.74004625798565,framenr_509_framevid_example9
509,1088.0577808443968,661.5444183228759,200.61599227480167,framenr_510_framevid_example9
510,1131.7835725632613,675.3180562098157,216.40068470662544,framenr_511_framevid_example9
511,1159.9751232164986,679.6773782890909,239.7450173893137,framenr_512_framevid_example9
512,1164.9224814212653,671.1820365384432,266.55640910488285,framenr_513_framevid_example9
513,1147.4325978050347,651.3076729968163,290.67561474679826,framenr_514_framevid_example9
514,1116.1914717732996,626.2468224319821,305.46835267279306,framenr_515_framevid_example9
515,1084.1624145437972,604.9413211292276,305.91820927945577,framenr_516_framevid_example9
516,1063.513859528046,595.9766424383489,290.51009599709585,framenr_517_framevid_example9
517,1061.130732799753,604.4465481225211,262.12937784551536,framenr_518_framevid_example9
518,1076.4703253496762,629.997182538065,227.46362652578145,framenr_519_framevid_example9
519,1102.5070633273656,666.8842904610632,194.9384989718124,framenr_520_framevid_example9
520,1129.2082790450818,706.1123952389872,171.85001831935907,framenr_521_framevid_example9
521,1147.9526633938322,738.8505045134626,161.78853963634396,framenr_522_framevid_example9
522,1154.980184416559,759.7159545340178,163.44429713725998,framenr_523_framevid_example9
523,1152.4699241710377,768.4986363868735,171.3782057004545,framenr_524_framevid_example9
524,1146.937355272312,769.5363015550068,178.5129350323716,framenr_525_framevid_example9
525,1145.8260814751754,769.0088891305605,179.31052222013216,framenr_526_framevid_example9
526,1153.9132913977328,771.4217256581501,172.23720186030994,framenr_527_framevid_example9
527,1171.1372467452995,776.9981850133054,160.3840087890922,framenr_528_framevid_example9
528,1192.726492313602,781.3360722302107,149.92684026285195,framenr_529_framevid_example9
529,1211.4293585824291,777.6215624764528,147.10921123756023,framenr_530_framevid_example9
530,1220.7211268514782,760.4227141800137,155.1401755216656,framenr_531_framevid_example9
531,1217.5172861207393,729.2245690838562,172.4652442717757,framenr_532_framevid_example9
532,1203.2651001779511,689.874232549735,193.24035483112024,framenr_533_framevid_example9
533,1183.1081921793766,653.0209028185093,209.80839956426817,framenr_534_framevid_example9
534,1163.6951089639674,630.0517426379793,216.0379073127543,framenr_535_framevid_example9
535,1150.7185144769041,628.2621356221185,209.98766634480293,framenr_536_framevid_example9
536,1147.2256506402603,647.4458622488237,194.69677688196884,framenr_537_framevid_example9
537,1153.2261287159436,679.5090814941525,176.7951210050795,framenr_538_framevid_example9
538,1166.4524690952144,711.364233903088,163.64217539990054,framenr_539_framevid_example9
539,1183.6526843411136,729.8840745358018,160.3433880818506,framenr_540_framevid_example9
540,1201.7168296113307,726.7908863345292,167.97072357057257,framenr_541_framevid_example9
541,1218.2291838714914,701.43740927705,183.6704633305468,framenr_542_framevid_example9
542,1231.4724902911844,660.4386461780787,202.42069074053236,framenr_543_framevid_example9
543,1240.221901762284,614.5356061131049,219.46321487000483,framenr_544_framevid_example9
544,1243.6936678306367,574.2346006983711,232.22197650998973,framenr_545_framevid_example9
545,1241.7839742460708,546.1499986373716,240.89321447879246,framenr_546_framevid_example9
546,1235.425795940355,531.4665854616284,247.61999469443379,framenr_547_framevid_example9
547,1226.7181676484652,526.8437182126912,254.85709433435147,framenr_548_framevid_example9
548,1218.5585962373755,526.9695126492855,263.85366757410486,framenr_549_framevid_example9
549,1213.790443951672,527.3583797044846,274.00821408716814,framenr_550_framevid_example9
550,1214.1907125949458,526.0985502700804,283.31963747240826,framenr_551_framevid_example9
551,1219.7763357222143,523.9545923514783,289.57307929311656,framenr_552_framevid_example9
552,1228.7985379169183,523.1059953414389,291.5610309285653,framenr_553_framevid_example9
553,1238.4746991321545,525.412668828532,289.69509848583425,framenr_554_framevid_example9
554,1246.145004756784,531.1825323200162,285.74314030328,framenr_555_framevid_example9
555,1250.3301289899316,539.0065656311937,281.90305518958706,framenr_556_framevid_example9
556,1251.216916600947,546.5938199667493,279.7444135240647,framenr_557_framevid_example9
557,1250.3821759875902,552.0295670022315,279.5647065447215,framenr_558_framevid_example9
558,1249.9311071352777,554.73375826093,280.4416755230702,framenr_559_framevid_example9
559,1251.4903690028557,555.640507692525,280.8818844565914,framenr_560_framevid_example9
560,1255.5311905245305,556.5787948486127,279.67542682699144,framenr_561_framevid_example9
561,1261.3019114101367,559.2492498226171,276.50581531418766,framenr_562_framevid_example9
562,1267.334517116372,564.3564086138887,272.03875342899244,framenr_563_framevid_example9
563,1272.2197713146059,571.317113351779,267.50848662746364,framenr_564_framevid_example9
564,1275.2489696825814,578.6305716010221,264.07174061909586,framenr_565_framevid_example9
565,1276.6288486753872,584.6566217683305,262.2835619766541,framenr_566_framevid_example9
566,1277.2170148989767,588.3764843667512,261.94292719821397,framenr_567_framevid_example9
567,1277.9668312025972,589.7701087570184,262.3356677455179,framenr_568_framevid_example9
568,1279.3937239527215,589.6771221028355,262.69470815314844,framenr_569_framevid_example9
569,1281.330666359037,589.276658013233,262.6083558846437,framenr_570_framevid_example9
570,1283.068292782917,589.4878233366367,262.16876845797077,framenr_571_framevid_example9
571,1283.773273735505,590.5889494192984,261.815472259475,framenr_572_framevid_example9
572,1282.9500275182834,592.2052552587427,261.99664212721603,framenr_573_framevid_example9
573,1280.711146241798,593.6143763832774,262.8555618981946,framenr_574_framevid_example9
574,1277.7371220515868,594.1729017829815,264.11590144822117,framenr_575_framevid_example9
575,1274.9673292040939,593.6383805862511,265.2171448234366,framenr_576_framevid_example9
576,1273.1883977028583,592.2467191825787,265.6134129414007,framenr_577_framevid_example9
577,1272.7177373741097,590.545348066931,265.06835714430747,framenr_578_framevid_example9
578,1273.3151655480563,589.1007508505644,263.7918390960033,framenr_579_framevid_example9
579,1274.3371626577834,588.2405200259968,262.35509460449487,framenr_580_framevid_example9
580,1275.0386902966136,587.9469311656845,261.4362214835862,framenr_581_framevid_example9
581,1274.8760599137925,587.9261446814245,261.5268284786761,framenr_582_framevid_example9
582,1273.6856066199205,587.7885467143079,262.738030364881,framenr_583_framevid_example9
583,1271.6853553243357,587.2344483514885,264.78403170109465,framenr_584_framevid_example9
584,1269.3291343582703,586.1576301792544,267.131531472854,framenr_585_framevid_example9
585,1267.0966458325113,584.6373257460968,269.230369426911,framenr_586_framevid_example9
586,1265.31130496116,582.8506591348233,270.71752522453346,framenr_587_framevid_example9
587,1264.047090935908,580.9703357053861,271.5160452874397,framenr_588_framevid_example9
588,1263.1387102644912,579.1048537802232,271.80965999994254,framenr_589_framevid_example9
589,1262.2697377327097,577.3020406491563,271.9292306605609,framenr_590_framevid_example9
590,1261.0944599583495,575.5960768135545,272.21356320238584,framenr_591_framevid_example9
591,1259.3508142873748,574.0562230177263,272.8991864622773,framenr_592_framevid_example9
592,1256.9352784335515,572.8011963247561,274.0648074173109,framenr_593_framevid_example9
593,1253.926232522331,571.9689186385318,275.62730322542563,framenr_594_framevid_example9
594,1250.5553741412446,571.6596174777904,277.3723412052226,framenr_595_framevid_example9
595,1247.1374651161482,571.8847120461402,279.00544124772915,framenr_596_framevid_example9
596,1243.9785160298663,572.5484956656203,280.21822013223453,framenr_597_framevid_example9
597,1241.2902031554859,573.4703811747523,280.76699206664347,framenr_598_framevid_example9
598,1239.1392494324452,574.4352730848971,280.5517712040262,framenr_599_framevid_example9
599,1237.4502560096657,575.2495833649077,279.66963214416495,framenr_600_framevid_example9
600,1236.0597565328394,575.7835634503364,278.411071008616,framenr_601_framevid_example9
601,1234.7961780332525,575.9915131258886,277.1821732661196,framenr_602_framevid_example9
602,1233.5473303121933,575.9111552588166,276.3676034080791,framenr_603_framevid_example9
603,1232.2833973246452,575.6465003493785,276.18441671587675,framenr_604_framevid_example9
604,1231.0284331322075,575.3363614765309,276.59297299230855,framenr_605_framevid_example9
605,1229.804440072776,575.10985269619,277.31416919782197,framenr_606_framevid_example9
606,1228.5905916320455,575.0360907136792,277.9547690793152,framenr_607_framevid_example9
607,1227.3324541931631,575.0863528158679,278.18670262963457,framenr_608_framevid_example9
608,1226.00335783242,575.1339494828012,277.8924989585383,framenr_609_framevid_example9
609,1224.6801891472228,575.0091938157954,277.1998786957942,framenr_610_framevid_example9
610,1223.5745747600445,574.6007632857459,276.3835485832812,framenr_611_framevid_example9
611,1222.975959041431,573.9606896573607,275.6852466943113,framenr_612_framevid_example9
612,1223.112918447651,573.3493453744636,275.1540543138961,framenr_613_framevid_example9
613,1223.9975369862875,573.1694269487327,274.6056843436378,framenr_614_framevid_example9
614,1225.348101351577,573.7885629478451,273.7373884234115,framenr_615_framevid_example9
615,1226.6614352195063,575.3190405302154,272.34384850535287,framenr_616_framevid_example9
616,1227.4307823173829,577.4719291504575,270.5096247765499,framenr_617_framevid_example9
617,1227.4144222622826,579.5944319750432,268.65014140336194,framenr_618_framevid_example9
618,1226.807537452308,580.9219934772759,267.34724540554595,framenr_619_framevid_example9
619,1226.1960156918688,580.9587484174385,267.04378415100325,framenr_620_framevid_example9
620,1226.2762988403667,579.802022777302,267.7597806164664,framenr_621_framevid_example9
621,1227.461938164589,578.2125981622795,269.0084896366539,framenr_622_framevid_example9
622,1229.588464389911,577.3311077819789,270.0014255737134,framenr_623_framevid_example9
623,1231.9094189944994,578.120702461238,270.07370815960144,framenr_624_framevid_example9
624,1233.4377984335072,580.7907294373146,269.11717144692165,framenr_625_framevid_example9
625,1233.4890567858172,584.5238820047429,267.76544164823395,framenr_626_framevid_example9
626,1232.1319864008756,587.7290571389543,267.1738017247332,framenr_627_framevid_example9
627,1230.2516850966615,588.7966421395026,268.4422704829209,framenr_628_framevid_example9
628,1229.1043658443898,587.0510021048428,271.94156035557853,framenr_629_framevid_example9
629,1229.5266280630763,583.4254138074461,276.8996293276155,framenr_630_framevid_example9
630,1231.204688977427,580.440035819109,281.5204463982787,framenr_631_framevid_example9
631,1232.4608020594653,581.3518134291312,283.6592913251692,framenr_632_framevid_example9
632,1230.8078007158765,588.7500696171244,281.7856546067803,framenr_633_framevid_example9
633,1224.1296808219045,603.1973762022435,275.7795499658983,framenr_634_framevid_example9
634,1211.958129820295,622.581840978257,267.141610892746,framenr_635_framevid_example9
635,1196.1538215104845,642.5869417338273,258.4557828037829,framenr_636_framevid_example9
636,1180.4972779070674,658.1928032226905,252.3096325213551,framenr_637_framevid_example9
637,1169.1975685733005,665.6220842335383,250.16728018138372,framenr_638_framevid_example9
638,1164.9098128369644,663.8839483453695,251.7454359993239,framenr_639_framevid_example9
639,1167.209100185783,655.1996775062115,255.21831156209547,framenr_640_framevid_example9
640,1172.374768077536,644.0768079341798,258.171527719461,framenr_641_framevid_example9
641,1174.7844976230397,635.4187800580079,258.8393796252293,framenr_642_framevid_example9
642,1169.4367058326193,632.5165451698762,256.99597439782633,framenr_643_framevid_example9
643,1154.4924914492567,635.8356195610382,254.0254297685604,framenr_644_framevid_example9
644,1132.5938373782722,643.1414503064022,252.10450123192732,framenr_645_framevid_example9
645,1110.188359302585,650.8693384836715,252.89263035144765,framenr_646_framevid_example9
646,1094.9863293025812,656.051343597253,256.4030653406338,framenr_647_framevid_example9
647,1092.579642947302,657.854404262066,260.6730369896168,framenr_648_framevid_example9
648,1103.7219144329083,657.9892070942742,262.47576229564726,framenr_649_framevid_example9
649,1123.5540667021176,659.8138669137827,258.80057141889273,framenr_650_framevid_example9
650,1143.2361009784522,666.5957089415315,248.42467129436193,framenr_651_framevid_example9
651,1153.384857022809,679.7892686625074,232.8151101456805,framenr_652_framevid_example9
652,1147.908839174058,698.1495191565107,215.88246837237065,framenr_653_framevid_example9
653,1126.6441086363145,718.0622452534817,202.62839430201117,framenr_654_framevid_example9
654,1095.7041917967663,734.8763386764792,197.24050108518577,framenr_655_framevid_example9
655,1065.415003839747,744.5753941768425,201.44811275301865,framenr_656_framevid_example9
656,1046.6756701548165,745.0440433175481,213.84054393897182,framenr_657_framevid_example9
657,1047.155095074604,736.4782535057483,230.42306511022872,framenr_658_framevid_example9
658,1068.7006689556565,720.966993118689,246.14711021908312,framenr_659_framevid_example9
659,1106.7782069331154,701.6574287457271,256.7483520202221,framenr_660_framevid_example9
660,1151.9690107830663,682.0033597934536,260.13389978281924,framenr_661_framevid_example9
661,1192.8596630734003,665.3709830327856,256.8023480206598,framenr_662_framevid_example9
662,1219.306833119486,654.9116219340926,249.22862642370933,framenr_663_framevid_example9
663,1225.0954655740688,653.3622173170365,240.58614893505703,framenr_664_framevid_example9
664,1209.3296959373488,662.4778696428724,233.41750944293727,framenr_665_framevid_example9
665,1176.3304085281734,682.1230755645859,228.81426941976483,framenr_666_framevid_example9
666,1134.215434086667,709.4469232265964,226.37634433750083,framenr_667_framevid_example9
667,1092.6306492339802,738.7677616985657,224.8453283539188,framenr_668_framevid_example9
668,1060.2610414029568,762.615199861677,223.02100962391492,framenr_669_framevid_example9
669,1042.775417834222,773.857130460088,220.494452488672,framenr_670_framevid_example9
670,1041.7366900301474,768.2267632458785,217.87513600885183,framenr_671_framevid_example9
671,1054.7404410186418,746.1975051486736,216.46294521482997,framenr_672_framevid_example9
672,1076.6717697961021,713.2724449664855,217.57821285069252,framenr_673_framevid_example9
673,1101.6027856979802,678.3603646695994,221.89527951483643,framenr_674_framevid_example9
674,1124.6365020479755,650.7432862013803,229.08235656951993,framenr_675_framevid_example9
675,1143.0500275711865,636.8057012592735,237.87544485870646,framenr_676_framevid_example9
676,1156.4064264104843,637.858457644502,246.506557326254,framenr_677_framevid_example9
677,1165.7623363093276,649.951112792272,253.26865190182377,framenr_678_framevid_example9
678,1172.4848298375227,665.7166697543149,256.9852452714729,framenr_679_framevid_example9
679,1177.3155663978632,677.4235972034058,257.24580285642185,framenr_680_framevid_example9
680,1180.120900669346,679.9227719066286,254.40017309382276,framenr_681_framevid_example9
681,1180.3516779537506,672.2871748504117,249.39881479294945,framenr_682_framevid_example9
682,1177.832281705669,657.5797903078986,243.5781463554742,framenr_683_framevid_example9
683,1173.3266884574707,641.0355019215837,238.43636662410717,framenr_684_framevid_example9
684,1168.481984431478,627.6050910878454,235.38151979265308,framenr_685_framevid_example9
685,1165.1356337987625,619.9915378554512,235.4200600646754,framenr_686_framevid_example9
686,1164.3671088232516,617.9613972178304,238.81147515390958,framenr_687_framevid_example9
687,1165.8473037778083,619.0415135357835,244.80716640245086,framenr_688_framevid_example9
688,1167.8877982843978,620.0592850658305,251.6471887838711,framenr_689_framevid_example9
689,1168.2014456949892,618.6640498452703,256.9431261105232,framenr_690_framevid_example9
690,1164.9803974921192,614.1044610807273,258.42105038781045,framenr_691_framevid_example9
691,1157.7121621511787,607.0226425014129,254.79895044840146,framenr_692_framevid_example9
692,1147.2975364410217,598.5833757374496,246.43726930007045,framenr_693_framevid_example9
693,1135.4259581688598,589.5893319838743,235.42442273905152,framenr_694_framevid_example9
694,1123.5805308892513,580.1777103691288,224.96297467489723,framenr_695_framevid_example9
695,1112.2487248581256,570.2969854734074,218.23007971621354,framenr_696_framevid_example9
696,1100.7899613266818,560.6518288717378,217.1527018424755,framenr_697_framevid_example9
697,1088.0304316743154,553.4642018122281,221.6220050450951,framenr_698_framevid_example9
698,1073.2364633643017,552.4225849436546,229.51110693568955,framenr_699_framevid_example9
699,1056.8981769620864,561.5820178904611,237.51608371379535,framenr_700_framevid_example9
700,1040.8571514785383,583.5449906687707,242.47014582951095,framenr_701_framevid_example9
701,1027.674396931866,617.7090928743484,242.5649993708489,framenr_702_framevid_example9
702,1019.5520721766155,659.46848198281,237.96014356485702,framenr_703_framevid_example9
703,1017.3622473648614,700.9255149408996,230.54938664013866,framenr_704_framevid_example9
704,1020.2717603344388,733.036466993747,223.042419836309,framenr_705_framevid_example9
705,1026.1295211830677,748.4615863145251,217.81734235157654,framenr_706_framevid_example9
706,1032.3875324073692,744.0176521120296,216.0662845470831,framenr_707_framevid_example9
707,1037.0759929651688,721.726395311476,217.57023390830886,framenr_708_framevid_example9
708,1039.3712101053738,687.9949574076151,221.10823374390714,framenr_709_framevid_example9
709,1039.551916271919,651.232741333897,225.20539352208758,framenr_710_framevid_example9
710,1038.4756617011199,618.8708228579574,228.8024774019912,framenr_711_framevid_example9
711,1036.9326172894878,595.0086142471616,231.53340974517351,framenr_712_framevid_example9
712,1035.2384164334258,579.6392842721218,233.55088056734274,framenr_713_framevid_example9
713,1033.2344774755752,569.7051337222523,235.09542774165666,framenr_714_framevid_example9
714,1030.6066186305154,561.4083467374147,236.12166621277868,framenr_715_framevid_example9
715,1027.2658044706318,552.6239788670592,236.22350785257322,framenr_716_framevid_example9
716,1023.5427860892555,544.2087246765755,234.89399238684587,framenr_717_framevid_example9
717,1020.1015978548133,539.5204564872473,231.94206162217915,framenr_718_framevid_example9
718,1017.6612957062227,542.3422283118022,227.79206082704306,framenr_719_framevid_example9
719,1016.7114852123823,554.2384674355594,223.4626943989945,framenr_720_framevid_example9
720,1017.3666217746354,572.7503368535689,220.21290126076528,framenr_721_framevid_example9
721,1019.3749899866427,591.5391153163528,219.0376602579195,framenr_722_framevid_example9
722,1022.1862672026974,602.6994409106114,220.28290167004542,framenr_723_framevid_example9
723,1024.9730516368236,600.3732177451946,223.57755851079125,framenr_724_framevid_example9
724,1026.6016668463812,584.0207887982631,228.09664332352068,framenr_725_framevid_example9
725,1025.6736530298278,559.6635130040335,232.98143272637083,framenr_726_framevid_example9
726,1020.7980950136601,538.196519214334,237.66185371033475,framenr_727_framevid_example9
727,1011.1440328093913,531.1810583768181,241.89958329573972,framenr_728_framevid_example9
728,997.1048636209892,545.7759441868951,245.55502955776277,framenr_729_framevid_example9
729,980.7182258236202,581.0467075640009,248.26730621601874,framenr_730_framevid_example9
730,965.4740010038106,627.4617882170155,249.30942070107085,framenr_731_framevid_example9
731,955.3722558043368,670.0700274228973,247.7893286558065,framenr_732_framevid_example9
732,953.4806262298805,694.2116542007969,243.15467492106598,framenr_733_framevid_example9
733,960.5869370473242,691.4003586367539,235.74356082385634,framenr_734_framevid_example9
734,974.6328446867703,662.8239168559761,227.0356266212722,framenr_735_framevid_example9
735,991.3451208492472,618.8860316722208,219.36486057109428,framenr_736_framevid_example9
736,1005.9394015887324,574.9447397470532,215.11991839407582,framenr_737_framevid_example9
737,1015.2095985736738,545.1075263828491,215.74848136265175,framenr_738_framevid_example9
738,1019.0329804954536,536.8209967740037,221.04048668703308,framenr_739_framevid_example9
739,1020.5007165688472,548.6158537655102,229.08914680192865,framenr_740_framevid_example9
740,1024.485004946256,571.8970687874034,237.0337783827413,framenr_741_framevid_example9
741,1035.2098657767247,595.7905109931216,242.3079706087456,framenr_742_framevid_example9
742,1053.9322633827658,612.6600613297358,243.8400895117096,framenr_743_framevid_example9
743,1077.873876922612,621.6579945253112,242.63051497462385,framenr_744_framevid_example9
744,1101.0185673242754,628.6813478079539,241.3910252901371,framenr_745_framevid_example9
745,1116.5314894030296,642.883668431907,243.36342004836487,framenr_746_framevid_example9
746,1119.766826903527,671.5687556841619,250.83171073336624,framenr_747_framevid_example9
747,1110.5002812106852,716.0548859846454,264.00799531650586,framenr_748_framevid_example9
748,1093.3276351944742,770.5785938851486,280.8173626702999,framenr_749_framevid_example9
